Datetime,Water Level (m)
2026-02-04 18:00:00,0.52280027
2026-02-04 19:00:00,1.3773727
2026-02-04 20:00:00,1.7074335
2026-02-04 21:00:00,1.6514978
2026-02-04 22:00:00,1.1691489
2026-02-04 23:00:00,0.331584
2026-02-05 00:00:00,-0.6124981
2026-02-05 01:00:00,-1.5046724
2026-02-05 02:00:00,-2.281123
2026-02-05 03:00:00,-2.7840533
2026-02-05 04:00:00,-2.5886915
2026-02-05 05:00:00,-1.2032416
2026-02-05 06:00:00,-0.03526915
2026-02-05 07:00:00,0.91306794
2026-02-05 08:00:00,1.4309615
2026-02-05 09:00:00,1.4924462
2026-02-05 10:00:00,1.1670074
2026-02-05 11:00:00,0.49543315
2026-02-05 12:00:00,-0.3584383
2026-02-05 13:00:00,-1.1835226
2026-02-05 14:00:00,-1.942221
2026-02-05 15:00:00,-2.4838376
2026-02-05 16:00:00,-2.4854395
2026-02-05 17:00:00,-1.3903652
2026-02-05 18:00:00,-0.2042547
2026-02-05 19:00:00,0.812278
2026-02-05 20:00:00,1.454091
2026-02-05 21:00:00,1.5859375
2026-02-05 22:00:00,1.2960682
2026-02-05 23:00:00,0.63178754
2026-02-06 00:00:00,-0.2593292
2026-02-06 01:00:00,-1.1679225
2026-02-06 02:00:00,-1.9478883
2026-02-06 03:00:00,-2.5612006
2026-02-06 04:00:00,-2.7631621
2026-02-06 05:00:00,-1.9238529
2026-02-06 06:00:00,-0.7365137
2026-02-06 07:00:00,0.30258924
2026-02-06 08:00:00,1.0863487
2026-02-06 09:00:00,1.3760515
2026-02-06 10:00:00,1.3247136
2026-02-06 11:00:00,0.89637357
2026-02-06 12:00:00,0.17816325
2026-02-06 13:00:00,-0.6287446
2026-02-06 14:00:00,-1.4019663
2026-02-06 15:00:00,-2.0541296
2026-02-06 16:00:00,-2.385683
2026-02-06 17:00:00,-1.9578296
2026-02-06 18:00:00,-0.7841419
2026-02-06 19:00:00,0.22661488
2026-02-06 20:00:00,1.01344
2026-02-06 21:00:00,1.324003
2026-02-06 22:00:00,1.2754931
2026-02-06 23:00:00,0.84880614
2026-02-07 00:00:00,0.112848036
2026-02-07 01:00:00,-0.71749824
2026-02-07 02:00:00,-1.5034431
2026-02-07 03:00:00,-2.1695466
2026-02-07 04:00:00,-2.5540986
2026-02-07 05:00:00,-2.3386302
2026-02-07 06:00:00,-1.26784
2026-02-07 07:00:00,-0.26012287
2026-02-07 08:00:00,0.60966647
2026-02-07 09:00:00,1.143576
2026-02-07 10:00:00,1.2916255
2026-02-07 11:00:00,1.0956146
2026-02-07 12:00:00,0.56823623
2026-02-07 13:00:00,-0.1527537
2026-02-07 14:00:00,-0.92525774
2026-02-07 15:00:00,-1.5848545
2026-02-07 16:00:00,-2.0543432
2026-02-07 17:00:00,-2.0994363
2026-02-07 18:00:00,-1.3538543
2026-02-07 19:00:00,-0.4080424
2026-02-07 20:00:00,0.39205685
2026-02-07 21:00:00,0.9001358
2026-02-07 22:00:00,1.044256
2026-02-07 23:00:00,0.87376046
2026-02-08 00:00:00,0.3712769
2026-02-08 01:00:00,-0.3441734
2026-02-08 02:00:00,-1.0972946
2026-02-08 03:00:00,-1.7372891
2026-02-08 04:00:00,-2.2248547
2026-02-08 05:00:00,-2.3381906
2026-02-08 06:00:00,-1.7275631
2026-02-08 07:00:00,-0.78126264
2026-02-08 08:00:00,0.069452055
2026-02-08 09:00:00,0.71641594
2026-02-08 10:00:00,1.0311002
2026-02-08 11:00:00,1.0712609
2026-02-08 12:00:00,0.7986665
2026-02-08 13:00:00,0.25727987
2026-02-08 14:00:00,-0.40093693
2026-02-08 15:00:00,-1.0707834
2026-02-08 16:00:00,-1.5925552
2026-02-08 17:00:00,-1.8888863
2026-02-08 18:00:00,-1.7111377
2026-02-08 19:00:00,-0.96758807
2026-02-08 20:00:00,-0.24410388
2026-02-08 21:00:00,0.33709407
2026-02-08 22:00:00,0.6483852
2026-02-08 23:00:00,0.6999972
2026-02-09 00:00:00,0.4636097
2026-02-09 01:00:00,-0.033566404
2026-02-09 02:00:00,-0.6483533
2026-02-09 03:00:00,-1.2479173
2026-02-09 04:00:00,-1.7239163
2026-02-09 05:00:00,-2.0148563
2026-02-09 06:00:00,-1.8805724
2026-02-09 07:00:00,-1.2181746
2026-02-09 08:00:00,-0.4713176
2026-02-09 09:00:00,0.19049661
2026-02-09 10:00:00,0.6557963
2026-02-09 11:00:00,0.89106226
2026-02-09 12:00:00,0.8768509
2026-02-09 13:00:00,0.5890527
2026-02-09 14:00:00,0.09877576
2026-02-09 15:00:00,-0.46302325
2026-02-09 16:00:00,-1.0000429
2026-02-09 17:00:00,-1.3794457
2026-02-09 18:00:00,-1.5353069
2026-02-09 19:00:00,-1.2971741
2026-02-09 20:00:00,-0.7568529
2026-02-09 21:00:00,-0.2324777
2026-02-09 22:00:00,0.16516577
2026-02-09 23:00:00,0.37601194
2026-02-10 00:00:00,0.38734862
2026-02-10 01:00:00,0.1698095
2026-02-10 02:00:00,-0.23810218
2026-02-10 03:00:00,-0.71306014
2026-02-10 04:00:00,-1.1541247
2026-02-10 05:00:00,-1.4995767
2026-02-10 06:00:00,-1.6593047
2026-02-10 07:00:00,-1.4790373
2026-02-10 08:00:00,-0.9674146
2026-02-10 09:00:00,-0.39342213
2026-02-10 10:00:00,0.117905155
2026-02-10 11:00:00,0.49279484
2026-02-10 12:00:00,0.70547026
2026-02-10 13:00:00,0.70235455
2026-02-10 14:00:00,0.46804866
2026-02-10 15:00:00,0.0833937
2026-02-10 16:00:00,-0.36724353
2026-02-10 17:00:00,-0.7905614
2026-02-10 18:00:00,-1.1223454
